<?xml version="1.0" encoding="utf-8"?>
<Presentation version="8.0.2027.0127"><ContentChanged><IndexItem time="15.156" seekTime="15.156" thumb="res/Pic/Slide1.jpg" contentType="Modi"><![CDATA[Test Title]]></IndexItem><IndexItem time="22.015" seekTime="22.015" thumb="res/Pic/Slide2.jpg" contentType="Ppt"><![CDATA[Page1]]></IndexItem><IndexItem time="49.281" seekTime="49.281" thumb="res/Pic/Slide3.jpg" contentType="Ppt"><![CDATA[Page2]]></IndexItem><IndexItem time="96.546" seekTime="96.546" thumb="res/Pic/rec_slide_share.png" contentType="AppSharing"><![CDATA[New Text Document.txt - Notepad - admin admin]]></IndexItem><IndexItem time="129.491" seekTime="129.491" thumb="res/Pic/rec_slide_whiteboard.png" contentType="Whiteboard"><![CDATA[[ White Board 1 ]]]></IndexItem><IndexItem time="163.054" seekTime="163.054" thumb="res/Pic/rec_slide_poll.png" contentType="Poll"><![CDATA[[ Poll 1 ]]]></IndexItem><IndexItem time="187.647" seekTime="187.647" thumb="res/Pic/rec_slide_text.png" contentType="Text"><![CDATA[[ Text Slide 1 ]]]></IndexItem><IndexItem time="212.100" seekTime="212.100" thumb="res/Pic/rec_slide_web.png" contentType="Web"><![CDATA[[ Web Slide 1 ]]]></IndexItem><IndexItem time="230.913" seekTime="230.913" thumb="res/Pic/rec_slide_image.png" contentType="Image"><![CDATA[[ Snapshot 1 ]]]></IndexItem><IndexItem time="254.131" seekTime="254.131" thumb="res/Pic/0rec_slide_share.png" contentType="AppSharing"><![CDATA[Desktop - admin admin]]></IndexItem><IndexItem time="289.350" seekTime="289.350" thumb="res/Pic/0rec_slide_text.png" contentType="Text"><![CDATA[[ Text Slide 1 ]]]></IndexItem><IndexItem time="367.255" seekTime="367.255" thumb="res/Pic/rec_slide_wmv.png" contentType="MMC"><![CDATA[TestWMV]]></IndexItem><IndexItem time="390.505" seekTime="390.505" thumb="res/Pic/1rec_slide_text.png" contentType="Text"><![CDATA[[ Text Slide 1 ]]]></IndexItem><IndexItem time="404.036" seekTime="404.036" thumb="res/Pic/0rec_slide_wmv.png" contentType="MMC"><![CDATA[TestWMV]]></IndexItem></ContentChanged><SpeakerChanged/></Presentation>
