<?xml version="1.0" encoding="utf-8" standalone="no"?><Presentation version="8.0.2027.0127"><MiscInfo><Organizer><![CDATA[admin admin]]></Organizer><StartTime>2016-07-26T20:46:25-07:00</StartTime><StopTime>2016-07-26T20:54:34-07:00</StopTime><Duration>428.521</Duration><Subject><![CDATA[TestMeeting20160722-08]]></Subject><Location><![CDATA[https://www.pwlab.selfhost.corp.microsoft.com/cc/Chichenitza/join?id=5WKQKG&role=attend&pw=5Wp%5E%7D%244]]></Location><Branding><![CDATA[res\Pic\owner-brand.gif]]></Branding></MiscInfo><AttendeeList><Attendee id="Id266023FF-499B-406F-B509-8C1248484FC6"><FullName><![CDATA[admin admin]]></FullName><NameInMeeting><![CDATA[admin admin]]></NameInMeeting><Corporation><![CDATA[BeyondsoftMain]]></Corporation><Title><![CDATA[Main]]></Title><Email><![CDATA[main@admin.com]]></Email><Phone><![CDATA[11111111111]]></Phone></Attendee><Attendee id="Id49BDBE27-C098-4D7A-8806-6845FBE19984"><FullName><![CDATA[admin admin]]></FullName><NameInMeeting><![CDATA[admin admin]]></NameInMeeting><Corporation><![CDATA[admin]]></Corporation><Title><![CDATA[test]]></Title><Email><![CDATA[admin@admin.com]]></Email><Phone><![CDATA[Phone]]></Phone></Attendee></AttendeeList><MeetingNotes><![CDATA[res\Notes\MeetingNotes.htm]]></MeetingNotes></Presentation>