<?xml version="1.0" encoding="utf-8"?>
<Presentation version="8.0.2027.0127"><ResChangeList><AddRes time="0.000"><Resource id="R0" resType="Audio" visible="false"><Page id="P0" pageType="Audio" format="AV" url="res/AV/audio.xml" entry="0" size="610213"/></Resource></AddRes><AddRes time="0.000"><Resource id="R1" resType="Audio" visible="false"><Page id="P1" pageType="Audio" format="AV" url="res/AV/audio.xml" entry="1" size="290817"/></Resource></AddRes><AddRes time="0.000"><Resource id="R2" resType="Ppt" visible="true"><Page id="P2" pageType="Ppt" format="Slides" url="res/Slide/0/Slide0001.htm" width="704" height="528" size="4447"><Related url="res/Slide/0/master33.xml" size="11891"/><Related url="res/Slide/0/master33_stylesheet.css" size="8564"/><Related url="res/Slide/0/script.js" size="28382"/></Page><Page id="P4" pageType="Ppt" format="Slides" url="res/Slide/0/Slide0002.htm" width="704" height="528" size="9601"><Related url="res/Slide/0/master33.xml" size="11891"/><Related url="res/Slide/0/master33_stylesheet.css" size="8564"/><Related url="res/Slide/0/script.js" size="28382"/></Page><Page id="P5" pageType="Ppt" format="Slides" url="res/Slide/0/Slide0003.htm" width="704" height="528" size="9966"><Related url="res/Slide/0/master33.xml" size="11891"/><Related url="res/Slide/0/master33_stylesheet.css" size="8564"/><Related url="res/Slide/0/script.js" size="28382"/></Page></Resource></AddRes><AddRes time="0.000"><Resource id="R3" resType="Modi" visible="true"><Page id="P3" pageType="Modi" format="Image" url="res/Image/0/xb20a6f20497e.png" width="704" height="528" size="3052"/></Resource></AddRes><AddRes time="0.000"><Resource id="R4" resType="AppSharing" visible="true"><Page id="P6" pageType="AppSharing" format="AV" url="" width="704" height="528" size="0"/></Resource></AddRes><AddRes time="0.000"><Resource id="R5" resType="AppSharing" visible="true"><Page id="P7" pageType="AppSharing" format="AV" url="res/AV/media.xml" entry="0" width="704" height="528" size="51330"/></Resource></AddRes><AddRes time="0.000"><Resource id="R6" resType="Whiteboard" visible="true"><Page id="P8" pageType="Whiteboard" format="Whiteboard" url="" width="704" height="528" size="0"/></Resource></AddRes><AddRes time="0.000"><Resource id="R7" resType="Poll" visible="true"><Page id="P9" pageType="Poll" format="Poll" url="" width="704" height="528" size="0"/></Resource></AddRes><AddRes time="0.000"><Resource id="R8" resType="Text" visible="true"><Page id="P10" pageType="Text" format="Text" url="" width="700" height="524" size="0"/></Resource></AddRes><AddRes time="0.000"><Resource id="R9" resType="Web" visible="true"><Page id="P11" pageType="Web" format="HyperLink" webhref="http://www.qq.com" width="704" height="528" size="0"/></Resource></AddRes><AddRes time="0.000"><Resource id="R10" resType="Image" visible="true"><Page id="P12" pageType="Image" format="Image" url="res/Image/1/xc54dd0cc8872.png" width="745" height="499" size="72239"/></Resource></AddRes><AddRes time="0.000"><Resource id="R11" resType="AppSharing" visible="true"><Page id="P13" pageType="AppSharing" format="AV" url="" width="704" height="528" size="0"/></Resource></AddRes><AddRes time="0.000"><Resource id="R12" resType="AppSharing" visible="true"><Page id="P14" pageType="AppSharing" format="AV" url="res/AV/media.xml" entry="1" width="704" height="528" size="158198"/></Resource></AddRes><AddRes time="0.000"><Resource id="R13" resType="MMC" visible="true"><Page id="P15" pageType="MMC" format="AV" url="res/AV/media.xml" entry="2" width="704" height="528" size="5774565"/></Resource></AddRes></ResChangeList><PageChangeList><Audio><PgCMessage time="0.000" page="P0"/><PgCMessage time="288.340"/><PgCMessage time="289.334" page="P1"/><PgCMessage time="425.454"/></Audio><QCIFVideo/><PanoVideo/><Content><PgCMessage time="15.156" page="P2"/><PgCMessage time="15.156" page="P3"/><PgCMessage time="22.015" page="P4"/><PgCMessage time="49.281" page="P5"/><PgCMessage time="96.546" page="P6"/><PgCMessage time="96.546" page="P7"/><PgCMessage time="121.445" page="P6"/><PgCMessage time="129.491" page="P8"/><PgCMessage time="163.054" page="P9"/><PgCMessage time="187.647" page="P10"/><PgCMessage time="212.100" page="P11"/><PgCMessage time="230.913" page="P12"/><PgCMessage time="254.131" page="P13"/><PgCMessage time="254.131" page="P14"/><PgCMessage time="281.522" page="P13"/><PgCMessage time="289.350" page="P10"/><PgCMessage time="367.255" page="P15"/><PgCMessage time="390.505" page="P10"/><PgCMessage time="404.036" page="P15"/></Content><QA/></PageChangeList><InnerPageMessageList><AnimationChanged time="22.015" page="P4" currentStep="0"/><AnnotationChanged time="25.812" page="P4" action="Draw" elementId="5" type="HighLighter" keyPoints="352.000,131.000,350.000,134.000,345.000,138.000,340.000,143.000,332.000,150.000,312.000,162.000,296.000,174.000,283.000,183.000,259.000,196.000,243.000,207.000,238.000,210.000,230.000,214.000,227.000,217.000,224.000,219.000,221.000,222.000,219.000,222.000,217.000,222.000,217.000,223.000,216.000,223.000,215.000,223.000,214.000,223.000,213.000,223.000,213.000,223.000,212.000,223.000,210.000,223.000,209.000,223.000,207.000,223.000,207.000,223.000" color="FFFF00"/><AnnotationChanged time="26.500" page="P4" action="Draw" elementId="6" type="HighLighter" keyPoints="244.000,109.000,245.000,111.000,248.000,116.000,251.000,121.000,259.000,133.000,268.000,149.000,282.000,172.000,293.000,196.000,308.000,231.000,318.000,263.000,343.000,329.000,352.000,362.000,360.000,391.000,365.000,414.000,372.000,437.000,378.000,454.000,385.000,476.000,390.000,496.000,394.000,516.000,401.000,528.000,407.000,528.000,411.000,528.000,411.000,528.000" color="FFFF00"/><AnnotationChanged time="30.484" page="P4" action="Draw" elementId="7" type="FreeLine" keyPoints="227.000,323.000,228.000,323.000,230.000,323.000,231.000,323.000,234.000,323.000,235.000,324.000,236.000,324.000,237.000,324.000,238.000,324.000,240.000,324.000,243.000,324.000,250.000,324.000,255.000,324.000,263.000,324.000,272.000,323.000,279.000,323.000,288.000,322.000,294.000,320.000,306.000,319.000,315.000,317.000,321.000,316.000,326.000,314.000,329.000,311.000,332.000,309.000,336.000,305.000,339.000,300.000,343.000,295.000,345.000,289.000,348.000,281.000,352.000,272.000,355.000,261.000,360.000,251.000,362.000,239.000,367.000,224.000,369.000,218.000,369.000,209.000,370.000,200.000,371.000,192.000,371.000,184.000,371.000,178.000,371.000,172.000,369.000,164.000,365.000,159.000,363.000,156.000,360.000,151.000,356.000,148.000,352.000,145.000,350.000,144.000,348.000,143.000,345.000,142.000,339.000,141.000,331.000,141.000,314.000,138.000,283.000,138.000,257.000,138.000,220.000,138.000,197.000,138.000,184.000,138.000,166.000,140.000,154.000,144.000,143.000,146.000,135.000,150.000,129.000,155.000,122.000,160.000,117.000,165.000,109.000,176.000,102.000,191.000,91.000,212.000,91.000,212.000,82.000,234.000,71.000,268.000,64.000,296.000,56.000,319.000,51.000,338.000,47.000,356.000,45.000,370.000,44.000,387.000,44.000,403.000,44.000,414.000,44.000,433.000,46.000,445.000,50.000,458.000,58.000,473.000,66.000,488.000,77.000,499.000,80.000,502.000,82.000,505.000,83.000,506.000,84.000,506.000,85.000,507.000,86.000,507.000,86.000,507.000,87.000,508.000,88.000,508.000,90.000,508.000,95.000,509.000,99.000,511.000,107.000,513.000,114.000,514.000,114.000,514.000" color="000000"/><AnnotationChanged time="34.156" page="P4" action="Draw" elementId="8" type="Text" keyPoints="403.000,256.000,214.000,89.000" color="000000"><Text fontStyle="normal" fontWeight="normal" fontSize="16" fontFamily="Arial" underline="false"><![CDATA[a]]></Text></AnnotationChanged><AnnotationChanged time="35.500" page="P4" action="Update" elementId="8" type="Text" keyPoints="403.000,256.000,662.000,89.000" color="000000"><Text fontStyle="normal" fontWeight="normal" fontSize="16" fontFamily="Arial" underline="false"><![CDATA[asda手动阀手动阀]]></Text></AnnotationChanged><AnnotationChanged time="35.984" page="P4" action="Draw" elementId="9" type="Text" keyPoints="418.000,218.000,406.000,89.000" color="000000"><Text fontStyle="normal" fontWeight="normal" fontSize="16" fontFamily="Arial" underline="false"><![CDATA[sdfasd]]></Text></AnnotationChanged><AnnotationChanged time="36.437" page="P4" action="Update" elementId="9" type="Text" keyPoints="418.000,218.000,430.000,89.000" color="000000"><Text fontStyle="normal" fontWeight="normal" fontSize="16" fontFamily="Arial" underline="false"><![CDATA[sdfasdf]]></Text></AnnotationChanged><AnnotationChanged time="39.547" page="P4" action="Draw" elementId="10" type="Text" keyPoints="429.000,112.000,298.000,89.000" color="000000"><Text fontStyle="normal" fontWeight="normal" fontSize="16" fontFamily="Arial" underline="false"><![CDATA[asd]]></Text></AnnotationChanged><AnnotationChanged time="40.093" page="P4" action="Update" elementId="10" type="Text" keyPoints="429.000,112.000,470.000,89.000" color="000000"><Text fontStyle="normal" fontWeight="normal" fontSize="16" fontFamily="Arial" underline="false"><![CDATA[asdfasdf]]></Text></AnnotationChanged><AnnotationChanged time="40.609" page="P4" action="Draw" elementId="11" type="Text" keyPoints="206.000,67.000,322.000,89.000" color="000000"><Text fontStyle="normal" fontWeight="normal" fontSize="16" fontFamily="Arial" underline="false"><![CDATA[dfas]]></Text></AnnotationChanged><AnnotationChanged time="41.000" page="P4" action="Update" elementId="11" type="Text" keyPoints="206.000,67.000,390.000,89.000" color="000000"><Text fontStyle="normal" fontWeight="normal" fontSize="16" fontFamily="Arial" underline="false"><![CDATA[dfasdf]]></Text></AnnotationChanged><AnnotationChanged time="41.234" page="P4" action="Draw" elementId="12" type="Text" keyPoints="200.000,255.000,362.000,89.000" color="000000"><Text fontStyle="normal" fontWeight="normal" fontSize="16" fontFamily="Arial" underline="false"><![CDATA[sdfaa]]></Text></AnnotationChanged><AnnotationChanged time="42.718" page="P4" action="Update" elementId="12" type="Text" keyPoints="200.000,255.000,470.000,89.000" color="000000"><Text fontStyle="normal" fontWeight="normal" fontSize="16" fontFamily="Arial" underline="false"><![CDATA[sdfaasdf]]></Text></AnnotationChanged><AnnotationChanged time="43.140" page="P4" action="Draw" elementId="13" type="CheckStamp" keyPoints="209.000,203.000" color="00FF00"/><AnnotationChanged time="43.828" page="P4" action="Draw" elementId="14" type="CheckStamp" keyPoints="213.000,332.000" color="00FF00"/><AnnotationChanged time="44.218" page="P4" action="Draw" elementId="15" type="CheckStamp" keyPoints="365.000,214.000" color="00FF00"/><AnimationChanged time="46.500" page="P4" currentStep="1"/><AnimationChanged time="47.437" page="P4" currentStep="2"/><AnimationChanged time="48.297" page="P4" currentStep="3"/><AnimationChanged time="49.281" page="P5" currentStep="0"/><AnimationChanged time="50.515" page="P5" currentStep="1"/><AnnotationChanged time="51.734" page="P5" action="Draw" elementId="17" type="CheckStamp" keyPoints="164.000,190.000" color="00FF00"/><AnnotationChanged time="52.140" page="P5" action="Draw" elementId="18" type="CheckStamp" keyPoints="112.000,278.000" color="00FF00"/><AnnotationChanged time="52.437" page="P5" action="Draw" elementId="19" type="CheckStamp" keyPoints="304.000,27.000" color="00FF00"/><AnimationChanged time="54.812" page="P5" currentStep="2"/><AnimationChanged time="56.265" page="P5" currentStep="3"/><AnnotationChanged time="136.632" page="P8" action="Draw" elementId="26" type="FreeLine" keyPoints="189.000,109.000,189.000,112.000,189.000,116.000,189.000,125.000,189.000,136.000,187.000,151.000,186.000,169.000,185.000,193.000,185.000,225.000,185.000,239.000,185.000,257.000,185.000,279.000,185.000,291.000,186.000,302.000,189.000,311.000,191.000,319.000,193.000,324.000,194.000,328.000,196.000,334.000,198.000,340.000,200.000,346.000,204.000,355.000,206.000,360.000,208.000,364.000,211.000,367.000,213.000,370.000,214.000,371.000,215.000,372.000,215.000,373.000,216.000,374.000,216.000,374.000" color="000000"/><AnnotationChanged time="137.241" page="P8" action="Draw" elementId="27" type="FreeLine" keyPoints="373.000,153.000,362.000,158.000,343.000,165.000,319.000,176.000,290.000,189.000,253.000,202.000,220.000,218.000,0.000,357.000,0.000,357.000,0.000,357.000,0.000,357.000,0.000,357.000" color="000000"/><AnnotationChanged time="140.960" page="P8" action="Draw" elementId="28" type="HighLighter" keyPoints="146.000,115.000,161.000,123.000,163.000,124.000,167.000,127.000,173.000,131.000,183.000,139.000,190.000,145.000,199.000,153.000,206.000,159.000,217.000,171.000,224.000,176.000,229.000,181.000,233.000,184.000,235.000,186.000,237.000,189.000,239.000,193.000,241.000,197.000,242.000,200.000,244.000,204.000,245.000,209.000,246.000,216.000,247.000,222.000,248.000,228.000,249.000,234.000,249.000,240.000,250.000,245.000,250.000,251.000,250.000,257.000,250.000,262.000,250.000,264.000,250.000,266.000,250.000,267.000,250.000,268.000,250.000,269.000,248.000,271.000,248.000,272.000,246.000,273.000,243.000,275.000,241.000,277.000,238.000,278.000,235.000,279.000,232.000,281.000,228.000,282.000,223.000,284.000,219.000,286.000,214.000,287.000,210.000,288.000,207.000,288.000,207.000,288.000,205.000,289.000,204.000,289.000,204.000,289.000,203.000,289.000,202.000,288.000,201.000,288.000,200.000,286.000,197.000,284.000,193.000,279.000,190.000,275.000,187.000,273.000,184.000,268.000,181.000,265.000,177.000,261.000,173.000,257.000,171.000,252.000,168.000,249.000,165.000,246.000,164.000,242.000,163.000,242.000,162.000,240.000,160.000,236.000,160.000,234.000,157.000,230.000,156.000,226.000,155.000,224.000,153.000,220.000,153.000,218.000,151.000,215.000,149.000,211.000,149.000,209.000,149.000,208.000,148.000,204.000,148.000,202.000,147.000,200.000,147.000,199.000,147.000,196.000,146.000,194.000,146.000,193.000,146.000,191.000,146.000,189.000,146.000,187.000,146.000,185.000,146.000,184.000,146.000,181.000,147.000,178.000,149.000,176.000,149.000,173.000,151.000,171.000,152.000,169.000,153.000,167.000,154.000,165.000,155.000,164.000,156.000,162.000,157.000,161.000,157.000,160.000,158.000,159.000,158.000,158.000,158.000,158.000,158.000,157.000,159.000,156.000,160.000,156.000,160.000,155.000,160.000,154.000,161.000,154.000,161.000,153.000,162.000,152.000,162.000,152.000,162.000,152.000" color="FFFF00"/><AnnotationChanged time="143.210" page="P8" action="Draw" elementId="29" type="Text" keyPoints="332.000,142.000,298.000,89.000" color="000000"><Text fontStyle="normal" fontWeight="normal" fontSize="12" fontFamily="Arial" underline="false"><![CDATA[asd]]></Text></AnnotationChanged><AnnotationChanged time="143.523" page="P8" action="Update" elementId="29" type="Text" keyPoints="332.000,142.000,362.000,89.000" color="000000"><Text fontStyle="normal" fontWeight="normal" fontSize="12" fontFamily="Arial" underline="false"><![CDATA[asdfa]]></Text></AnnotationChanged><AnnotationChanged time="144.132" page="P8" action="Draw" elementId="30" type="Text" keyPoints="348.000,189.000,362.000,89.000" color="000000"><Text fontStyle="normal" fontWeight="normal" fontSize="12" fontFamily="Arial" underline="false"><![CDATA[asdfa]]></Text></AnnotationChanged><AnnotationChanged time="147.288" page="P8" action="Draw" elementId="31" type="Text" keyPoints="317.000,234.000,282.000,89.000" color="000000"><Text fontStyle="normal" fontWeight="normal" fontSize="12" fontFamily="Arial" underline="false"><![CDATA[sdf]]></Text></AnnotationChanged><AnnotationChanged time="148.179" page="P8" action="Draw" elementId="32" type="CheckStamp" keyPoints="133.000,226.000" color="00FF00"/><AnnotationChanged time="148.554" page="P8" action="Draw" elementId="33" type="CheckStamp" keyPoints="175.000,213.000" color="00FF00"/><AnnotationChanged time="148.866" page="P8" action="Draw" elementId="34" type="CheckStamp" keyPoints="216.000,204.000" color="00FF00"/><AnnotationChanged time="149.210" page="P8" action="Draw" elementId="35" type="CheckStamp" keyPoints="220.000,236.000" color="00FF00"/><PollingChanged time="163.054" page="P9" action="Create"><Question><![CDATA[123]]></Question><Choice color="FF0000"><![CDATA[1]]></Choice><Choice color="3366FF"><![CDATA[2]]></Choice><Choice color="FFFF00"><![CDATA[3]]></Choice></PollingChanged><PollingChanged time="163.054" page="P9" action="Enable"/><PollingChanged time="163.054" page="P9" action="HideResult"/><PollingChanged time="178.038" page="P9" action="ShowResult"/><PollingChanged time="179.069" page="P9" action="Update"><Choice chooseCnt="1"/><Choice chooseCnt="0"/><Choice chooseCnt="0"/></PollingChanged><PollingChanged time="182.179" page="P9" action="Update"><Choice chooseCnt="1"/><Choice chooseCnt="1"/><Choice chooseCnt="0"/></PollingChanged><TextChanged time="194.210" page="P10" action="Insert" beginIndex="0"><Text><![CDATA[sdfgdfghdfghdfg
dfghdfghdfghd
fghdfghdfg
hdfghdfg
hdfgh]]></Text></TextChanged><TextChanged time="199.210" page="P10" action="Insert" beginIndex="55"><Text><![CDATA[df
ghd
fghd
fgh
d
fghd
ffghdfghdfgh
dgfhdfghdfghdfghdfghdfghd
fghdfghdgf]]></Text></TextChanged><TextChanged time="204.460" page="P10" action="Insert" beginIndex="127"><Text><![CDATA[hdfghdfg
]]></Text></TextChanged><TextChanged time="298.537" page="P10" action="Insert" beginIndex="136"><Text><![CDATA[
Pause


Pause


restart
re]]></Text></TextChanged><TextChanged time="304.303" page="P10" action="Insert" beginIndex="163"><Text><![CDATA[start recor]]></Text></TextChanged><TextChanged time="309.818" page="P10" action="Insert" beginIndex="174"><Text><![CDATA[ding]]></Text></TextChanged><TextChanged time="317.740" page="P10" action="Insert" beginIndex="178"><Text><![CDATA[

]]></Text></TextChanged><TextChanged time="323.646" page="P10" action="Insert" beginIndex="180"><Text><![CDATA[Uploading WMV ]]></Text></TextChanged><TextChanged time="329.381" page="P10" action="Insert" beginIndex="194"><Text><![CDATA[Files..........]]></Text></TextChanged><TextChanged time="334.443" page="P10" action="Insert" beginIndex="209"><Text><![CDATA[..
......]]></Text></TextChanged><TextChanged time="339.662" page="P10" action="Insert" beginIndex="218"><Text><![CDATA[..........]]></Text></TextChanged><TextChanged time="345.162" page="P10" action="Insert" beginIndex="228"><Text><![CDATA[50
.......]]></Text></TextChanged><TextChanged time="350.271" page="P10" action="Insert" beginIndex="238"><Text><![CDATA[..........]]></Text></TextChanged><TextChanged time="355.396" page="P10" action="Insert" beginIndex="248"><Text><![CDATA[...70
,,,,,]]></Text></TextChanged><TextChanged time="360.927" page="P10" action="Insert" beginIndex="259"><Text><![CDATA[,,,,,90
.]]></Text></TextChanged><TextChanged time="365.927" page="P10" action="Insert" beginIndex="268"><Text><![CDATA[.....,,
OK]]></Text></TextChanged><TextChanged time="367.255" page="P10" action="Insert" beginIndex="278"><Text><![CDATA[
]]></Text></TextChanged><MMCChanged time="367.255" page="P15" action="Play" position="0.000"/><MMCChanged time="367.255" page="P15" action="Play" position="0.000"/><TextChanged time="398.333" page="P10" action="Insert" beginIndex="279"><Text><![CDATA[
Stop 
]]></Text></TextChanged><TextChanged time="404.036" page="P10" action="Remove" beginIndex="285" endIndex="285"/><TextChanged time="404.036" page="P10" action="Insert" beginIndex="285"><Text><![CDATA[Recording]]></Text></TextChanged><MMCChanged time="404.036" page="P15" action="Play" position="21.000"/><MMCChanged time="404.036" page="P15" action="Play" position="0.000"/><MMCChanged time="406.161" page="P15" action="Play" position="2.000"/><MMCChanged time="408.990" page="P15" action="Play" position="1309.000"/><MMCChanged time="412.411" page="P15" action="Play" position="1435.000"/><MMCChanged time="415.802" page="P15" action="Play" position="1557.000"/><MMCChanged time="418.364" page="P15" action="Play" position="1346.000"/></InnerPageMessageList><QAMessageList/><PrimaryVideoSrcMessageList/><BizCardChangedMessageList/><NextID>1</NextID></Presentation>
